latitude,longitude,postal_code
41.44865448275862,2.174116551724138,08042
41.38891627586207,2.196483172413793,08001
41.429232,2.240672,08911
41.41070937931035,2.1783038620689656,08001
41.40000565517241,2.1597670344827584,08012
41.37577765517241,2.1387790344827584,08014
41.46211448275862,2.185776551724138,08001
41.47544593103448,2.2158542068965517,08110
41.40782455172413,2.203598344827586,08001
41.505539999999996,2.17244,08291
41.46753062068965,2.1858361379310343,08033
41.348472,2.170712,08001
41.38689917241379,2.0974584827586207,08950
41.47826648275862,2.199768551724138,08000
41.43506593103448,2.1808742068965516,08001
41.446187448275865,2.139553655172414,08001
41.423848,2.236008,08918
41.40817806896551,2.1529497931034483,08012
41.38116165517241,2.1434430344827584,08001
41.38654565517241,2.1481070344827584,08029
41.34895406896552,2.1016457931034482,08907
41.47833075862069,2.190559724137931,08110
41.346262068965515,2.0993137931034482,08907
41.40260124137931,2.175912275862069,08013
41.47541379310345,2.220458620689655,08911
41.381450896551726,2.1020033103448275,08950
41.41378703448276,2.125382896551724,08001
41.367412413793105,2.17322275862069,08001
41.464517241379305,2.229548275862069,08911
41.42715062068965,2.1508561379310343,08001
41.445544689655165,2.2316419310344826,08911
41.37552055172414,2.175614344827586,08001
41.45910110344827,2.2294886896551724,08911
41.432277517241374,2.192355448275862,08030
41.494675586206895,2.17692524137931,08110
41.340653103448275,2.1268806896551724,08001
41.33238427586207,2.147511172413793,08001
41.45368496551724,2.229429103448276,08911
41.461985931034484,2.2041942068965517,08924
41.4139155862069,2.10696524137931,08001
41.44602675862069,2.162575724137931,08001
41.44823668965517,2.2339739310344826,08911
41.456473379310346,2.2179478620689657,08921
41.40279406896551,2.1482857931034482,08006
41.37824468965517,2.1733419310344826,08001
41.491855034482754,2.193010896551724,08110
41.35658013793103,2.1731035862068966,08001
41.42977834482759,2.1623969655172415,08031
41.41045227586207,2.215139172413793,08001
41.32161627586207,2.138183172413793,08001
41.42118813793103,2.2290715862068966,08930
41.470479724137924,2.1513328275862067,08193
41.48368262068965,2.1998281379310343,08110
41.33257710344827,2.1198846896551724,08001
41.42410510344827,2.1991726896551724,08001
41.397249379310345,2.1666438620689656,08037
41.40821020689655,2.148345379310345,08001
41.40522896551724,2.187453103448276,08018
41.49195144827586,2.179197655172414,08110
41.35158179310345,2.113186620689655,08907
41.45906896551724,2.234093103448276,08911
41.462210896551724,2.1719633103448275,08110
41.32969227586207,2.145179172413793,08001
41.387059862068966,2.0744364137931033,08960
41.400134206896546,2.141349379310345,08001
41.42122027586207,2.224467172413793,08930
41.4131764137931,2.21286675862069,08001
41.397827862068965,2.0837644137931033,08960
41.44625172413792,2.1303448275862067,08193
41.42439434482759,2.1577329655172415,08001
41.35693365517241,2.1224550344827584,08902
41.34876124137931,2.129272275862069,08908
41.35946496551724,2.147809103448276,08001
41.316296551724136,2.124310344827586,08820
41.37593834482759,2.1157569655172415,08028
41.37875889655172,2.0996713103448275,08906
41.440482068965515,2.1809337931034483,08001
41.36475255172414,2.166286344827586,08001
41.36757310344827,2.1502006896551724,08001
41.41346565517241,2.1714270344827584,08001
41.36750882758621,2.159409517241379,08001
41.37314993103448,2.1272382068965516,08028
41.337832551724134,2.142966344827586,08040
41.41330496551724,2.194449103448276,08018
41.41058082758621,2.196721517241379,08018
41.343409379310344,2.1200038620689656,08080
41.35670868965517,2.1546859310344826,08001
41.42676496551724,2.206109103448276,08001
41.47307531034483,2.1674780689655173,08110
41.46730565517241,2.2180670344827584,08921
41.44291696551724,2.220101103448276,08911
41.47557448275862,2.197436551724138,08000
41.37888744827586,2.081253655172414,08950
41.3701044137931,2.17555475862069,08001
41.383660827586205,2.173401517241379,08002
41.35167820689655,2.099373379310345,08940
41.391897517241375,2.157375448275862,08001
41.45381351724138,2.211011448275862,08921
41.43798289655172,2.1509753103448275,08001
41.32171268965517,2.1243699310344826,08001
41.36734813793103,2.1824315862068966,08039
41.42423365517241,2.1807550344827584,08001
41.440514206896545,2.176329379310345,08001
41.469997655172406,2.2203990344827584,08911
41.432116827586206,2.215377517241379,08930
41.45692331034483,2.1534860689655173,08193
41.44352758620689,2.13261724137931,08001
41.431923999999995,2.243004,08911
41.40016634482759,2.1367449655172415,08001
41.42429793103448,2.1715462068965516,08032
41.42416937931034,2.1899638620689656,08001
41.467691310344826,2.1628140689655173,08033
41.389784,2.072164,08960
41.38411075862069,2.108939724137931,08001
41.40846731034483,2.1115100689655173,08017
41.40256910344827,2.1805166896551724,08001
41.42167020689655,2.160005379310345,08001
41.454392,2.128132,08193
41.42202372413793,2.1093568275862067,08001
41.38616,2.20336,08001
41.39773144827586,2.097577655172414,08034
41.475670896551726,2.1836233103448275,08110
41.316168,2.142728,08820
41.310784,2.138064,08820
41.44830096551724,2.224765103448276,08914
41.49208,2.16078,08291
41.332416413793105,2.14290675862069,08001
41.47038331034483,2.1651460689655173,08291
41.337703999999995,2.161384,08040
41.40314758620689,2.09763724137931,08034
41.34578,2.16838,08001
41.367444551724134,2.168618344827586,08001
41.440289241379304,2.208560275862069,05030
41.40814593103448,2.1575542068965516,08024
41.47317172413793,2.1536648275862067,08193
41.384014344827584,2.1227529655172415,08001
41.35398455172414,2.156958344827586,08001
41.475703034482756,2.179018896551724,08110
41.35930427586207,2.170831172413793,08001
41.41641475862069,2.136923724137931,08001
41.373021379310345,2.1456558620689656,08001
41.50265517241379,2.1977344827586207,08120
41.41862468965517,2.2083219310344826,08001
41.408113793103446,2.162158620689655,08001
41.391672551724135,2.189606344827586,08005
41.40798524137931,2.180576275862069,08001
41.36520248275862,2.101824551724138,08901
41.4489115862069,2.13728124137931,08001
41.39430027586207,2.201147172413793,08001
41.435355172413786,2.1394344827586207,08001
41.43493737931035,2.1992918620689657,08030
41.413626344827584,2.1484049655172415,08023
41.386738482758616,2.120480551724138,08001
41.43243820689655,2.169333379310345,08001
41.41061296551724,2.192117103448276,08001
41.362606896551725,2.0856793103448275,08940
41.440932,2.116472,08196
41.41365848275862,2.143800551724138,08001
41.44080344827586,2.134889655172414,08001
41.437950758620694,2.155579724137931,08001
41.510891862068966,2.1817084137931033,08120
41.42400868965517,2.2129859310344826,08930
41.41596482758621,2.201385517241379,08020
41.44868662068965,2.1695121379310343,08001
41.38933406896552,2.1366257931034482,08029
41.38084027586207,2.189487172413793,08001
41.3864492413793,2.161920275862069,08001
41.343184413793104,2.15223475862069,08001
41.437629379310344,2.2016238620689657,08030
41.40503613793103,2.2150795862068966,08001
41.45939034482759,2.1880489655172415,08033
41.416125517241376,2.178363448275862,08041
41.45384565517241,2.2064070344827584,08921
41.426861379310346,2.1922958620689657,08001
41.445512551724136,2.236246344827586,08911
41.37846965517241,2.1411110344827584,08001
41.35154965517241,2.1177910344827584,08080
41.41654331034483,2.1185060689655173,08001
41.41920317241379,2.1254424827586207,08001
41.38420717241379,2.0951264827586207,08950
41.45416703448276,2.160362896551724,08042
41.37327848275862,2.108820551724138,08905
41.41106289655173,2.1276553103448275,08001
41.40830662068965,2.1345321379310342,08001
41.408628,2.088488,08017
41.40564675862069,2.127595724137931,08001
41.405839586206895,2.09996924137931,08017
41.38132234482759,2.1204209655172415,08001
41.45926179310345,2.206466620689655,08924
41.35972206896552,2.1109737931034482,08991
41.47817006896551,2.2135817931034483,08120
41.40590386206897,2.0907604137931033,08017
41.41881751724138,2.180695448275862,08041
41.394236,2.210356,08071
41.45423131034483,2.1511540689655173,08193
41.41615765517241,2.1737590344827584,08001
41.49201572413793,2.1699888275862067,08291
41.397024413793105,2.19887475862069,08005
41.39446096551724,2.178125103448276,08013
41.446091034482755,2.153366896551724,08001
41.39218675862069,2.115935724137931,08034
41.486342482758616,2.206764551724138,08110
41.402986896551724,2.1206593103448275,08017
41.34062096551724,2.131485103448276,08001
41.42660427586207,2.229131172413793,08918
41.351164,2.173044,08001
41.42990689655172,2.1439793103448275,08001
41.48925944827586,2.176865655172414,08110
41.44339903448276,2.151034896551724,08035
41.440160689655166,2.2269779310344826,08911
41.448943724137926,2.1326768275862067,08193
41.335301241379305,2.117612275862069,08001
41.42961765517241,2.1854190344827584,08001
41.313540275862074,2.131187172413793,08820
41.40282620689655,2.143681379310345,08006
41.40772813793103,2.2174115862068966,08001
41.321680551724135,2.128974344827586,08001
41.395071586206896,2.09064124137931,08950
41.39426813793103,2.2057515862068966,08005
41.40244055172413,2.198934344827586,08001
41.37814827586207,2.187155172413793,08001
41.38943048275862,2.122812551724138,08001
41.43237393103448,2.1785422068965516,08001
41.44333475862069,2.160243724137931,08001
41.44073917241379,2.1440984827586207,08035
41.36199627586207,2.173163172413793,08039
41.50278372413793,2.1793168275862067,08120
41.38638496551724,2.171129103448276,08002
41.41859255172414,2.212926344827586,08001
41.340781655172414,2.1084630344827584,08907
41.35968993103448,2.1155782068965516,08991
41.44022496551724,2.217769103448276,08913
41.38369296551724,2.168797103448276,08001
41.38622427586207,2.194151172413793,08001
41.41333710344827,2.1898446896551724,08027
41.38433572413793,2.0767088275862067,08960
41.50550786206897,2.1770444137931033,08110
41.39192965517241,2.1527710344827584,08001
41.345908551724136,2.149962344827586,08001
41.46516,2.13746,08193
41.37885531034483,2.0858580689655173,08950
41.39776358620689,2.09297324137931,08950
41.49473986206897,2.1677164137931033,08291
41.34863268965517,2.1476899310344826,08038
41.464710068965516,2.2019217931034483,08924
41.36231765517241,2.1271190344827584,08902
41.348536275862074,2.161503172413793,08001
41.338025379310345,2.1153398620689656,08001
41.40272979310345,2.157494620689655,08012
41.44006427586207,2.240791172413793,08911
41.45096082758621,2.231701517241379,08911
41.43532303448276,2.144038896551724,08001
41.4454804137931,2.24085075862069,08912
41.410388,2.224348,nan
41.345940689655166,2.1453579310344826,08001
41.42942482758621,2.213045517241379,08930
41.3943324137931,2.19654275862069,08005
41.44327048275862,2.169452551724138,08001
41.36517034482759,2.1064289655172415,08901
41.34888979310345,2.110854620689655,08907
41.373246344827585,2.1134249655172415,08904
41.318924275862074,2.135851172413793,08820
41.42404082758621,2.208381517241379,08001
41.44285268965517,2.2293099310344826,08911
41.427439862068965,2.1094164137931033,08196
41.36465613793103,2.1800995862068966,08001
41.451250068965514,2.1902617931034483,08033
41.34074951724138,2.113067448275862,08907
41.327032413793106,2.13824275862069,08001
41.40006993103448,2.1505582068965516,08006
41.31350813793103,2.1357915862068966,08820
41.35712648275862,2.094828551724138,08940
41.34347365517241,2.1107950344827584,08907
41.35408096551724,2.143145103448276,08001
41.41077365517241,2.1690950344827584,08001
41.39984496551724,2.182789103448276,08001
41.39458951724138,2.159707448275862,08001
41.351292551724136,2.154626344827586,08001
41.37321420689655,2.118029379310345,08904
41.36529889655173,2.0880113103448275,08950
41.3844,2.0675,08960
41.41849613793103,2.2267395862068966,08930
41.34331296551724,2.133817103448276,08001
41.426989931034484,2.1738782068965516,08001
41.42711848275862,2.155460551724138,08001
41.41388344827586,2.111569655172414,08017
41.367637379310345,2.1409918620689656,08001
41.41878537931034,2.1852998620689656,08001
41.38936620689655,2.132021379310345,08001
41.46237158620689,2.14894124137931,08193
41.410645103448275,2.1875126896551724,08026
41.39481448275862,2.127476551724138,08001
41.356644413793106,2.16389475862069,08001
41.45115365517241,2.2040750344827584,08921
41.4481724137931,2.24318275862069,08912
41.44359186206896,2.1234084137931033,08196
41.39157613793103,2.2034195862068966,08001
41.38423931034483,2.0905220689655173,08950
41.45426344827586,2.146549655172414,08193
41.41609337931035,2.1829678620689656,08001
41.391865379310346,2.1619798620689656,08001
41.32700027586207,2.142847172413793,08001
41.44310979310345,2.192474620689655,08030
41.33805751724138,2.110735448275862,08001
41.45932606896552,2.1972577931034483,08924
41.42964979310345,2.180814620689655,08001
41.38404648275862,2.118148551724138,08028
41.321648413793106,2.13357875862069,08001
41.39712082758621,2.185061517241379,08013
41.387092,2.069832,08960
41.351646068965515,2.1039777931034482,08907
41.47839503448276,2.181350896551724,08110
41.410870068965515,2.1552817931034483,08001
41.31902068965517,2.1220379310344826,08820
41.46240372413793,2.1443368275862067,08193
41.44057848275862,2.167120551724138,08042
41.37834110344827,2.1595286896551724,08001
41.46467793103448,2.2065262068965517,08924
41.40577531034483,2.1091780689655173,08001
41.47563875862069,2.188227724137931,08110
41.45637696551724,2.231761103448276,08911
41.392476,2.074496,08960
41.39994137931034,2.1689758620689656,08001
41.44570537931035,2.2086198620689657,08922
41.45371710344827,2.2248246896551724,08911
41.376099034482756,2.092734896551724,08950
41.36760524137931,2.145596275862069,08001
41.489291586206896,2.17226124137931,08110
41.34058882758621,2.136089517241379,08001
41.43474455172414,2.226918344827586,08918
41.44846165517241,2.2017430344827584,08001
41.435483724137924,2.1210168275862067,08196
41.430067586206896,2.12095724137931,08196
41.461889517241374,2.218007448275862,08921
41.41372275862069,2.134591724137931,08022
41.413144275862074,2.217471172413793,08001
41.34584427586207,2.159171172413793,08001
41.45390993103448,2.1971982068965517,08924
41.42433006896552,2.1669417931034483,08001
41.40853158620689,2.10230124137931,08017
41.35674082758621,2.150081517241379,08001
41.497303310344826,2.1884660689655173,08110
41.38901268965517,2.1826699310344826,08001
41.448622344827584,2.1787209655172415,08001
41.42936055172414,2.222254344827586,08930
41.394525241379306,2.168916275862069,08009
41.411223586206894,2.10463324137931,08001
41.44612317241379,2.1487624827586207,08001
41.46461365517241,2.2157350344827584,08921
41.402408413793104,2.20353875862069,08005
41.45407062068965,2.1741761379310343,08033
41.37616331034483,2.0835260689655173,08950
41.47002979310345,2.215794620689655,08911
41.381033103448274,2.1618606896551724,08001
41.50537931034483,2.1954620689655173,08120
41.39965213793103,2.2104155862068966,08005
41.362381931034484,2.1179102068965516,08902
41.43519448275862,2.162456551724138,08001
41.39442882758621,2.182729517241379,08001
41.36789448275862,2.104156551724138,08901
41.44294910344827,2.2154966896551724,08911
41.37350344827586,2.076589655172414,09870
41.46996551724138,2.225003448275862,08911
41.43746868965517,2.2246459310344826,08911
41.505443586206894,2.18625324137931,08120
41.405711034482756,2.118386896551724,08001
41.38407862068965,2.1135441379310342,08001
41.43240606896551,2.1739377931034483,08001
41.402665517241374,2.166703448275862,08001
41.47849144827586,2.167537655172414,08110
41.33504413793103,2.1544475862068966,08001
41.38391793103448,2.1365662068965516,08001
41.32443682758621,2.122097517241379,08001
41.459358206896546,2.192653379310345,08924
41.40567889655173,2.1229913103448275,08001
41.435130206896545,2.171665379310345,08001
41.3789195862069,2.07664924137931,09870
41.48124772413793,2.1606608275862067,08291
41.421959448275864,2.118565655172414,08001
41.335269103448276,2.1222166896551724,08001
41.35148537931035,2.1269998620689656,08080
41.35680510344827,2.1408726896551724,08001
41.3189564137931,2.13124675862069,08820
41.45131434482759,2.1810529655172415,08001
41.44599462068965,2.1671801379310343,08001
41.394846620689655,2.1228721379310342,08034
41.416479034482755,2.127714896551724,08001
41.451346482758616,2.176448551724138,08001
41.43788648275862,2.164788551724138,08001
41.43782220689655,2.173997379310345,08042
41.32982082758621,2.126761517241379,08001
41.327160965517244,2.119825103448276,08001
41.41080579310345,2.164490620689655,08001
41.340396,2.163716,08040
41.42179875862069,2.141587724137931,08001
41.43516234482759,2.1670609655172415,08001
41.410548689655165,2.2013259310344826,08001
41.35417737931034,2.1293318620689656,08908
41.337896827586206,2.133757517241379,08001
41.48374689655172,2.1906193103448275,08110
41.48656744827586,2.174533655172414,08110
41.35420951724138,2.124727448275862,08080
41.467273517241374,2.222671448275862,08911
41.38939834482759,2.1274169655172415,08001
41.357030068965514,2.1086417931034482,08907
41.380936689655165,2.1756739310344826,08001
41.35433806896552,2.1063097931034482,08907
41.3622212413793,2.140932275862069,08038
41.35981848275862,2.097160551724138,08801
41.42727917241379,2.1324384827586207,08001
41.38119379310345,2.138838620689655,08001
41.435226620689654,2.1578521379310343,08001
41.422088,2.100148,08001
41.362028413793105,2.16855875862069,08001
41.419331724137926,2.1070248275862067,08001
41.38362868965517,2.1780059310344826,08002
41.43814358620689,2.12795324137931,08035
41.35388813793103,2.1707715862068966,08001
41.40843517241379,2.1161144827586207,08001
41.399877103448276,2.1781846896551724,08013
41.421252413793106,2.21986275862069,08930
41.332448551724134,2.138302344827586,08001
41.386834896551726,2.1066673103448275,08034
41.402633379310345,2.1713078620689656,08025
41.437307999999994,2.247668,08911
41.38657779310345,2.143502620689655,08001
41.47291462068965,2.1905001379310343,08110
41.35959351724138,2.129391448275862,08908
41.48381117241379,2.1814104827586207,08110
41.383468,2.201028,08001
41.42657213793103,2.2337355862068966,08930
41.32978868965517,2.1313659310344826,08001
41.457051862068965,2.1350684137931033,08193
41.41115931034483,2.1138420689655173,08001
41.41875324137931,2.189904275862069,08001
41.37273213793103,2.1870955862068966,08001
41.46762703448276,2.172022896551724,nan
41.40292262068965,2.1298681379310342,08001
41.502687310344825,2.1931300689655173,08120
41.40808165517241,2.1667630344827584,08001
41.3593364137931,2.16622675862069,08001
41.437500827586206,2.220041517241379,08913
41.44628386206897,2.1257404137931033,08035
41.44304551724138,2.201683448275862,08001
41.39766717241379,2.1067864827586207,08001
41.457084,2.130464,08193
41.316200137931034,2.1381235862068966,08820
41.41083793103448,2.1598862068965516,08001
41.41631834482759,2.1507369655172415,08001
41.440707034482756,2.148702896551724,08001
41.44871875862069,2.164907724137931,08042
41.36254262068965,2.0948881379310342,08801
41.42971406896552,2.1716057931034483,08001
41.44038565517241,2.1947470344827584,08001
41.40237627586207,2.208143172413793,08001
41.508232,2.174772,08291
41.467819862068964,2.1443964137931033,08193
41.41651117241379,2.1231104827586207,08001
41.397570758620695,2.120599724137931,08001
41.38888413793103,2.2010875862068966,08001
41.37004013793103,2.1847635862068966,08001
41.37603475862069,2.101943724137931,08906
41.38109737931035,2.1526518620689656,08001
41.38417503448276,2.099730896551724,08906
41.402311999999995,2.217352,08001
41.46493503448276,2.169690896551724,08033
41.486696,2.156116,08193
41.388852,2.205692,08001
41.49727117241379,2.1930704827586207,08120
41.42455503448276,2.134710896551724,08001
41.42478,2.10248,08001
41.49179075862069,2.202219724137931,08000
41.481087034482755,2.183682896551724,08110
41.36468827586207,2.175495172413793,08001
41.35135682758621,2.145417517241379,08038
41.3754884137931,2.18021875862069,08001
41.34885765517241,2.1154590344827584,08080
41.41917103448276,2.130046896551724,08001
41.44557682758621,2.227037517241379,08911
41.459133241379305,2.224884275862069,08917
41.40532537931035,2.1736398620689656,08001
41.42458717241379,2.1301064827586207,08001
41.45929393103448,2.2018622068965517,08924
41.451442896551725,2.1626353103448275,08042
41.486471034482754,2.188346896551724,08110
41.37558482758621,2.166405517241379,08015
41.38635282758621,2.175733517241379,08003
41.34616565517241,2.1131270344827584,08907
41.44067489655173,2.1533073103448275,08001
41.41320855172413,2.208262344827586,08001
41.519,2.1841,08120
41.437404413793104,2.23385475862069,08918
41.39779572413793,2.0883688275862067,08950
41.416446896551726,2.1323193103448275,08001
41.50541144827586,2.190857655172414,08120
41.41336924137931,2.185240275862069,08001
41.405004,2.219684,08001
41.376227586206895,2.07431724137931,09870
41.45698758620689,2.14427724137931,08193
41.33799324137931,2.119944275862069,08001
41.44839737931034,2.2109518620689657,08922
41.44560896551724,2.222433103448276,08914
41.40795310344827,2.1851806896551724,08026
41.424715724137926,2.1116888275862067,08001
41.3539524137931,2.16156275862069,08001
41.381258068965515,2.1296297931034482,08028
41.429842620689655,2.1531881379310343,08001
41.37340703448276,2.090402896551724,08950
41.434905241379305,2.203896275862069,08001
41.43198827586207,2.233795172413793,08918
41.46201806896551,2.1995897931034483,08924
41.37331062068965,2.1042161379310342,08906
41.50810344827586,2.193189655172414,08120
41.416029103448274,2.1921766896551724,08001
41.459679586206896,2.14660924137931,08193
41.40506827586207,2.210475172413793,08019
41.459454620689655,2.1788401379310343,08001
41.42157379310345,2.173818620689655,08001
41.440610620689654,2.1625161379310343,08001
41.38372510344827,2.1641926896551724,08001
41.47855572413793,2.1583288275862067,08291
41.41884965517241,2.1760910344827584,08041
41.432052551724134,2.224586344827586,08918
41.45916537931034,2.2202798620689657,08911
41.43756510344827,2.2108326896551724,08923
41.418464,2.231344,08930
41.329628,2.154388,08040
41.416254068965515,2.1599457931034483,08024
41.351421103448274,2.1362086896551724,08004
41.38436786206897,2.0721044137931033,08960
41.32158413793103,2.1427875862068966,08001
41.41369062068965,2.1391961379310342,08023
41.405518206896545,2.146013379310345,08006
41.41308,2.22668,nan
41.3781804137931,2.18255075862069,08001
41.45394206896552,2.1925937931034483,08001
41.40051986206897,2.0860964137931033,08960
41.38350013793103,2.1964235862068966,08001
41.3889484137931,2.19187875862069,08001
41.37298924137931,2.150260275862069,08001
41.327064551724135,2.133638344827586,08004
41.346037103448275,2.1315446896551724,08080
41.399909241379305,2.173580275862069,08001
41.370168689655166,2.1663459310344826,08001
41.456698344827586,2.1857169655172415,08033
41.33520482758621,2.131425517241379,08004
41.35661227586207,2.168499172413793,08001
41.43464813793103,2.2407315862068966,08911
41.45150717241379,2.1534264827586207,08001
41.44346331034483,2.1418260689655173,08001
41.36533103448276,2.083406896551724,08940
41.39176896551724,2.175793103448276,08001
41.33507627586207,2.149843172413793,08001
41.475510206896544,2.206645379310345,08110
41.47842717241379,2.1767464827586207,08110
41.41667186206897,2.1000884137931033,08001
41.351260413793106,2.15923075862069,08001
41.427472,2.104812,08017
41.51085972413792,2.1863128275862067,08110
41.440257103448275,2.2131646896551724,08923
41.3054,2.1334,08820
41.39487875862069,2.118267724137931,08034
41.41583627586207,2.219803172413793,08930
41.34321655172413,2.147630344827586,08040
41.37561696551724,2.161801103448276,08001
41.427214896551725,2.1416473103448275,08001
41.424683586206896,2.11629324137931,08001
41.40785668965517,2.1989939310344826,08018
41.424137241379306,2.194568275862069,08001
41.411095034482756,2.123050896551724,08001
41.403083310344826,2.1068460689655173,08017
41.421155999999996,2.233676,08930
41.456601931034484,2.1995302068965517,08924
41.45961531034483,2.1558180689655173,08193
41.39180110344827,2.1711886896551724,08001
41.47268965517241,2.2227310344827584,08911
41.430164,2.107144,08196
41.432856,2.109476,08196
41.42926413793103,2.2360675862068966,08911
41.43218110344827,2.2061686896551724,05030
41.42436220689655,2.162337379310345,08001
41.41868896551724,2.199113103448276,08001
41.36484896551724,2.152473103448276,08001
41.35430593103448,2.1109142068965516,08907
41.42705420689655,2.164669379310345,08032
41.38353227586207,2.191819172413793,08001
41.48922731034483,2.1814700689655173,08110
41.434616,2.245336,08911
41.35677296551724,2.145477103448276,08038
41.480894206896544,2.211309379310345,08120
41.410998620689654,2.1368641379310342,08001
41.37597048275862,2.111152551724138,08028
41.43013186206897,2.1117484137931033,08196
41.50816772413793,2.1839808275862067,08120
41.397056551724134,2.194270344827586,08001
41.386320689655165,2.1803379310344826,08003
41.429521241379305,2.199232275862069,08001
41.36747668965517,2.1640139310344826,08001
41.4268292413793,2.196900275862069,08001
41.464742206896545,2.197317379310345,08924
41.432566758620695,2.150915724137931,08001
41.43737227586207,2.238459172413793,08911
41.4564412413793,2.222552275862069,08917
41.48913089655172,2.1952833103448275,08110
41.39228317241379,2.1021224827586207,08034
41.372699999999995,2.1917,08001
41.44349544827586,2.137221655172414,08001
41.426539999999996,2.23834,08911
41.481183448275864,2.169869655172414,08110
41.40234413793103,2.2127475862068966,08001
41.47313958620689,2.15826924137931,08110
41.435451586206895,2.12562124137931,08035
41.48397186206897,2.1583884137931033,08291
41.33251282758621,2.129093517241379,08040
41.43779006896551,2.1786017931034483,08001
41.473236,2.144456,08193
41.381225931034486,2.1342342068965516,08001
41.3647204137931,2.17089075862069,08001
41.37007227586207,2.180159172413793,08039
41.41385131034483,2.1161740689655173,08001
41.41103075862069,2.132259724137931,08001
41.42397655172414,2.217590344827586,08930
41.42734344827586,2.123229655172414,08001
41.44355972413793,2.1280128275862067,08035
41.426668551724134,2.219922344827586,08930
41.41349779310345,2.166822620689655,08001
41.44320620689655,2.178661379310345,08001
41.44820455172413,2.238578344827586,08911
41.42442648275862,2.153128551724138,08001
41.44298124137931,2.210892275862069,08923
41.397281517241375,2.162039448275862,08001
41.32966013793103,2.1497835862068966,08001
41.35927213793103,2.1754355862068966,08039
41.41125572413792,2.1000288275862067,08001
41.45413489655172,2.1649673103448275,08001
41.43496951724138,2.194687448275862,08001
41.36510606896552,2.1156377931034482,08901
41.481311999999996,2.151452,08193
41.40513255172414,2.201266344827586,08005
41.413272827586205,2.199053517241379,08001
41.35443448275862,2.092496551724138,08940
41.45922965517241,2.2110710344827584,08921
41.41397986206896,2.0977564137931033,08017
41.456826896551725,2.1672993103448275,08001
41.41128786206897,2.0954244137931033,08001
41.39439668965517,2.1873339310344826,08001
41.400359172413786,2.1091184827586207,08001
41.4785235862069,2.16293324137931,08110
41.415932689655165,2.2059899310344826,08001
41.35978634482759,2.1017649655172415,08901
41.39753862068965,2.1252041379310342,08001
41.381579448275865,2.083585655172414,08950
41.372892827586206,2.164073517241379,08001
41.38135448275862,2.115816551724138,08001
41.34613351724138,2.117731448275862,08080
41.365234620689655,2.0972201379310342,08906
41.35437020689655,2.101705379310345,08907
41.37542413793103,2.1894275862068966,08003
41.38949475862069,2.113603724137931,08001
41.44887944827586,2.141885655172414,08193
41.40305117241379,2.1114504827586207,08001
41.42997117241379,2.1347704827586207,08001
41.450928689655164,2.2363059310344826,08917
41.370490068965516,2.1203017931034482,08094
41.3972172413793,2.171248275862069,08001
41.410677241379304,2.182908275862069,08001
41.36494537931034,2.1386598620689656,08001
41.364624,2.184704,08001
41.46740206896551,2.2042537931034483,08924
41.36507393103448,2.1202422068965516,08902
41.40837089655172,2.1253233103448275,08001
41.362478344827586,2.1040969655172415,08901
41.49454703448276,2.195342896551724,08110
41.46227517241379,2.1627544827586207,08042
41.50547572413792,2.1816488275862067,08120
41.44833310344827,2.2201606896551724,08923
41.51358386206896,2.1840404137931033,08120
41.38385365517241,2.1457750344827584,08029
41.36497751724138,2.134055448275862,08001
41.42131668965517,2.2106539310344826,08001
41.414012,2.093152,08001
41.45387779310345,2.201802620689655,08924
41.395103724137925,2.0860368275862067,08950
41.48365048275862,2.204432551724138,08110
41.37295710344827,2.1548646896551724,08001
41.45673048275862,2.181112551724138,08033
41.33786468965517,2.1383619310344826,08001
41.448268827586205,2.229369517241379,08911
41.516307999999995,2.181768,08120
41.491822896551724,2.1976153103448275,08110
41.35171034482759,2.0947689655172415,08940
41.513551724137926,2.1886448275862067,08120
41.43266317241379,2.1371024827586207,08001
41.37292496551724,2.159469103448276,08001
41.38952689655172,2.1089993103448275,08034
41.46458151724138,2.220339448275862,08921
41.34071737931035,2.1176718620689656,08001
41.35924,2.18004,08001
41.40840303448276,2.120718896551724,08001
41.37830896551724,2.164133103448276,08001
41.45403848275862,2.178780551724138,08001
41.45118579310345,2.199470620689655,08924
41.45964744827586,2.151213655172414,08193
41.45951889655172,2.1696313103448275,08033
41.405486068965516,2.1506177931034482,08012
41.44336689655172,2.1556393103448275,08001
41.332319999999996,2.15672,08001
41.34350579310345,2.106190620689655,08907
41.380904551724136,2.180278344827586,08002
41.47862,2.14912,08193
41.48361834482758,2.2090369655172415,08110
41.47041544827586,2.160541655172414,08110
41.3896875862069,2.08597724137931,08950
41.450896551724135,2.240910344827586,08911
41.494772,2.163112,08291
41.39468593103448,2.1458942068965516,08001
41.351517517241376,2.122395448275862,08908
41.31084827586207,2.128855172413793,08820
41.39503944827586,2.095245655172414,08950
41.435098068965516,2.1762697931034483,08001
41.47586372413792,2.1559968275862067,08110
41.44314193103448,2.1878702068965517,08030
41.42929627586207,2.231463172413793,08930
41.37574551724138,2.143383448275862,08001
41.386609931034485,2.1388982068965516,08001
41.37856606896551,2.1272977931034482,08001
41.48121558620689,2.16526524137931,08110
41.39786,2.07916,08960
41.405293241379304,2.178244275862069,08001
41.47829862068965,2.1951641379310343,08110
41.45948675862069,2.174235724137931,08001
41.367990896551724,2.0903433103448275,nan
41.48919517241379,2.1860744827586207,08110
41.400102068965516,2.1459537931034482,08006
41.38930193103448,2.1412302068965516,08001
41.38382151724138,2.150379448275862,08001
41.443238344827584,2.1740569655172415,08001
41.41923531034483,2.1208380689655173,08001
41.45102510344827,2.2224926896551724,08914
41.38959117241379,2.0997904827586207,08034
41.35138896551724,2.140813103448276,08038
41.3458764137931,2.15456675862069,08001
41.48099062068965,2.1974961379310343,08110
41.35119613793103,2.1684395862068966,08001
41.405261103448275,2.1828486896551724,08001
41.38680275862069,2.111271724137931,08001
41.45653765517241,2.2087390344827584,08921
41.39212248275862,2.125144551724138,08034
41.32696813793103,2.1474515862068966,08001
41.43743655172413,2.229250344827586,08911
41.354048827586205,2.147749517241379,08038
41.432020413793104,2.22919075862069,08918
41.489388,2.158448,08291
41.430099724137925,2.1163528275862067,08196
41.35411310344827,2.1385406896551724,08001
41.45942248275862,2.183444551724138,08001
41.392026068965514,2.1389577931034482,08021
41.375906206896545,2.120361379310345,08903
41.42154165517241,2.1784230344827584,08001
41.39699227586207,2.203479172413793,08001
41.44307765517241,2.1970790344827584,08001
41.44275627586207,2.243123172413793,08912
41.45634482758621,2.236365517241379,08911
41.34872910344827,2.1338766896551724,08908
41.37308565517241,2.1364470344827584,08001
41.39715296551724,2.180457103448276,08013
41.40042344827586,2.099909655172414,08034
41.32975655172414,2.135970344827586,08004
41.475799448275865,2.165205655172414,08110
41.43525875862069,2.153247724137931,08001
41.41901034482758,2.1530689655172415,08003
41.32174482758621,2.119765517241379,08820
41.389719724137926,2.0813728275862067,08950
41.38164372413793,2.0743768275862067,08960
41.4192995862069,2.11162924137931,08001
41.462178758620695,2.176567724137931,08033
41.47813793103448,2.2181862068965517,08120
41.37045793103448,2.1249062068965516,08903
41.34337724137931,2.124608275862069,08080
41.42740772413793,2.1140208275862067,08001
41.421284551724135,2.215258344827586,nan
41.33808965517241,2.1061310344827584,08004
41.40535751724138,2.169035448275862,08037
41.44593034482759,2.1763889655172415,08042
41.44035351724138,2.199351448275862,08001
41.34597282758621,2.140753517241379,08004
41.39241172413793,2.0837048275862067,08960
41.43253462068965,2.1555201379310343,08032
41.48663172413793,2.1653248275862067,08110
41.41618979310345,2.169154620689655,08041
41.39465379310345,2.150498620689655,08021
41.418656827586204,2.203717517241379,08001
41.42718275862069,2.146251724137931,08001
41.416286206896544,2.155341379310345,08001
41.356676551724135,2.159290344827586,08001
41.38702772413793,2.0790408275862067,08960
41.43811144827586,2.132557655172414,08001
41.462082344827586,2.1903809655172415,08033
41.41352993103448,2.1622182068965516,08001
41.31898855172414,2.126642344827586,08820
41.410902206896544,2.150677379310345,08024
41.397635034482754,2.111390896551724,08001
41.35401668965517,2.1523539310344826,08001
41.43003544827586,2.125561655172414,08035
41.38096882758621,2.171069517241379,08001
41.41852827586207,2.222135172413793,08930
41.38920551724138,2.155043448275862,08001
41.42968193103448,2.1762102068965516,08016
41.43214896551724,2.210773103448276,05030
41.37866248275862,2.113484551724138,08001
41.39234744827586,2.092913655172414,08950
41.47836289655172,2.1859553103448275,08110
41.42199158620689,2.11396124137931,08017
41.35709434482759,2.0994329655172415,08801
41.46499931034483,2.1604820689655173,08042
41.47573517241379,2.1744144827586207,08110
41.45656979310345,2.204134620689655,08924
41.32430827586207,2.140515172413793,08040
41.41311213793103,2.2220755862068966,08019
41.46214662068965,2.1811721379310343,08001
41.41381917241379,2.1207784827586207,08001
41.37055434482759,2.1110929655172415,08905
41.500059586206895,2.18158924137931,08110
41.392218896551725,2.1113313103448275,08034
41.47589586206897,2.1513924137931033,08193
41.470126206896545,2.201981379310345,08924
41.440835586206894,2.13028524137931,08001
41.480958482758616,2.202100551724138,08000
41.4347124137931,2.23152275862069,08918
41.36481682758621,2.157077517241379,08001
41.421638068965514,2.1646097931034483,08001
41.42445862068965,2.1485241379310343,08001
41.378276827586205,2.168737517241379,08001
41.46224303448275,2.167358896551724,08033
41.494579172413786,2.1907384827586207,08120
41.44317406896551,2.1832657931034483,08001
41.329917241379306,2.112948275862069,08040
41.50002744827586,2.186193655172414,08110
41.35940068965517,2.1570179310344826,08001
41.4077924137931,2.20820275862069,08001
41.47301103448276,2.176686896551724,08110
41.40792096551724,2.189785103448276,08001
41.367958758620695,2.094947724137931,08906
41.46487075862069,2.178899724137931,08033
41.367669517241374,2.136387448275862,08001
41.324244,2.149724,08001
41.46503144827586,2.155877655172414,08193
41.42993903448276,2.139374896551724,08001
41.36770165517241,2.1317830344827584,08014
41.494707724137925,2.1723208275862067,08110
41.365138206896546,2.111033379310345,08901
41.33773613793103,2.1567795862068966,08001
41.362574758620696,2.090283724137931,08801
41.451089379310346,2.2132838620689657,08921
41.37077931034483,2.0788620689655173,08950
41.361931999999996,2.182372,08001
41.36773379310345,2.127178620689655,08902
41.36805517241379,2.0811344827586207,08940
41.502815862068964,2.1747124137931033,08291
41.376002620689654,2.1065481379310342,08906
41.37811613793103,2.1917595862068966,08001
41.48358620689655,2.213641379310345,08120
41.44330262068965,2.1648481379310343,08001
41.39962,2.21502,08001
41.45400634482759,2.1833849655172415,08033
41.370265103448276,2.1525326896551724,08001
41.39513586206897,2.0814324137931033,08960
41.340556689655166,2.1406939310344826,08001
41.386642068965514,2.1342937931034482,08001
41.42426579310345,2.176150620689655,08001
41.3843035862069,2.08131324137931,08950
41.497206896551724,2.2022793103448275,08120
41.36244620689655,2.108701379310345,08901
41.386256413793106,2.18954675862069,08001
41.43817572413793,2.1233488275862067,08035
41.37869462068965,2.1088801379310342,08001
41.36526675862069,2.092615724137931,08801
41.40311544827586,2.102241655172414,08001
41.44897586206896,2.1280724137931033,08193
41.38151517241379,2.0927944827586207,08950
41.42958551724138,2.190023448275862,08001
41.39209034482759,2.1297489655172415,08001
41.32985296551724,2.122157103448276,08040
41.445737517241376,2.204015448275862,08001
41.33235213793103,2.1521155862068966,08001
41.46454937931034,2.2249438620689657,08911
41.45163572413793,2.1350088275862067,08290
41.445866068965515,2.1855977931034483,08001
41.3514532413793,2.131604275862069,08908
41.467241379310344,2.2272758620689657,08911
41.45689117241379,2.1580904827586207,08193
41.40856372413793,2.0976968275862067,08017
41.37068289655173,2.0926753103448275,08950
41.36241406896551,2.1133057931034482,08991
41.389044827586204,2.178065517241379,08003
41.45695544827586,2.148881655172414,08193
41.403211862068964,2.0884284137931033,08017
41.34344151724138,2.115399448275862,08080
41.42420151724138,2.185359448275862,08027
41.33533337931035,2.1130078620689656,08040
41.432823862068965,2.1140804137931033,08196
41.34850413793103,2.1661075862068966,08001
41.464838620689655,2.1835041379310343,08033
41.3297244137931,2.14057475862069,08001
41.34869696551724,2.138481103448276,08001
41.427086344827586,2.1600649655172415,08001
41.4239444137931,2.22219475862069,08930
41.39696013793103,2.2080835862068966,08001
41.48653531034483,2.1791380689655173,08110
41.39718510344827,2.1758526896551724,08001
41.446058896551726,2.1579713103448275,08001
41.402954758620695,2.125263724137931,08001
41.41663972413793,2.1046928275862067,08001
41.37347131034483,2.0811940689655173,08950
41.416703999999996,2.095484,08001
41.41074151724138,2.173699448275862,08025
41.39478234482759,2.1320809655172415,08001
41.39237958620689,2.08830924137931,08950
41.470094068965516,2.2065857931034483,08924
41.37071503448276,2.088070896551724,08950
41.332641379310346,2.1106758620689656,08004
41.351324689655165,2.1500219310344826,08001
41.44615531034483,2.1441580689655173,08001
41.4185604137931,2.21753075862069,08930
41.432695310344826,2.1324980689655173,08001
41.45378137931034,2.2156158620689657,08921
41.4400964137931,2.23618675862069,08911
41.44089986206897,2.1210764137931033,08196
41.38907696551724,2.173461103448276,08001
41.395168,2.076828,08960
41.35440234482759,2.0971009655172415,08940
41.39731365517241,2.1574350344827584,08001
41.47554234482759,2.2020409655172415,08000
41.39734579310345,2.152830620689655,08001
41.38926979310345,2.145834620689655,08029
41.47297889655172,2.1812913103448275,08110
41.42391227586207,2.226799172413793,08930
41.364881103448276,2.1478686896551724,08001
41.467852,2.139792,08193
41.33776827586207,2.152175172413793,08001
41.41343351724138,2.176031448275862,08001
41.36212482758621,2.154745517241379,08001
41.38619213793103,2.1987555862068966,08005
41.449008,2.123468,08193
41.475927999999996,2.146788,08193
41.45141075862069,2.167239724137931,08001
41.386288551724135,2.184942344827586,08001
41.36251048275862,2.099492551724138,08901
41.48115131034483,2.1744740689655173,08110
41.32988510344828,2.1175526896551724,08001
41.397602896551724,2.1159953103448275,08001
41.499931034482756,2.200006896551724,08110
41.451699999999995,2.1258,08193
41.35706220689655,2.104037379310345,08901
41.37606689655173,2.0973393103448275,08906
41.38375724137931,2.159588275862069,08001
41.465095724137925,2.1466688275862067,08193
41.33792896551724,2.129153103448276,08001
41.411319999999996,2.09082,08001
41.39462165517241,2.1551030344827584,08001
41.38693131034483,2.0928540689655173,08950
41.37023296551724,2.157137103448276,08001
41.473203862068964,2.1490604137931033,08193
41.391993931034484,2.1435622068965516,08001
41.416575448275864,2.113901655172414,08001
41.48659958620689,2.16992924137931,08110
41.46778772413793,2.1490008275862067,08193
41.421734482758616,2.150796551724138,08001
41.49451489655172,2.1999473103448275,08120
41.42452289655172,2.1393153103448275,08001
41.47051186206897,2.1467284137931033,08193
41.381611586206894,2.07898124137931,08960
41.3404924137931,2.14990275862069,08001
41.3835644137931,2.18721475862069,08001
41.459776,2.132796,08193
41.43272744827586,2.127893655172414,08001
41.38898055172414,2.187274344827586,08001
41.42407296551724,2.203777103448276,08020
41.36218910344827,2.1455366896551724,08001
41.443013379310344,2.2062878620689657,08001
41.39173682758621,2.180397517241379,08010
41.475478068965515,2.2112497931034483,08000
41.437725793103446,2.187810620689655,08030
41.39500731034483,2.0998500689655173,08001
41.46464579310345,2.211130620689655,08924
41.32437255172414,2.131306344827586,08001
41.497464,2.165444,08291
41.38395006896552,2.1319617931034482,08001
41.45679475862069,2.171903724137931,08001
41.31626441379311,2.12891475862069,08820
41.35988275862069,2.087951724137931,08940
41.34042813793103,2.1591115862068966,08001
41.472946758620694,2.185895724137931,08110
41.410420137931034,2.2197435862068966,08019
41.43801503448276,2.146370896551724,08001
41.421863034482755,2.132378896551724,08035
41.42679710344827,2.2015046896551724,08001
41.40542179310345,2.159826620689655,08012
41.42731131034483,2.1278340689655173,08001
41.4160612413793,2.187572275862069,08027
41.378726758620694,2.104275724137931,08906
41.451667862068966,2.1304044137931033,08193
41.45153931034483,2.1488220689655173,08001
41.40545393103448,2.1552222068965516,08024
41.405936,2.086156,08196
41.38378937931034,2.1549838620689656,08001
41.472850344827584,2.1997089655172415,08924
41.39769931034483,2.1021820689655173,08001
41.440128551724136,2.231582344827586,08911
41.451571448275864,2.144217655172414,08001
41.36783020689655,2.113365379310345,08905
41.362156965517244,2.150141103448276,08001
41.37032937931035,2.1433238620689656,08001
41.45676262068965,2.1765081379310343,08033
41.36754096551724,2.154805103448276,08001
41.48916303448276,2.190678896551724,08110
41.437854344827585,2.1693929655172415,08042
41.46765917241379,2.1674184827586207,08033
41.42695779310345,2.178482620689655,08027
41.434776689655166,2.2223139310344826,08918
41.37039365517241,2.1341150344827584,08001
41.50813558620689,2.18858524137931,08110
41.40301903448276,2.116054896551724,08001
41.39981282758621,2.187393517241379,08001
41.356548,2.177708,08039
41.41375489655172,2.1299873103448275,08001
41.40849944827586,2.106905655172414,08001
41.45137862068965,2.1718441379310343,08001
41.49448275862069,2.204551724137931,08120
41.375649103448275,2.1571966896551724,08015
41.405164689655166,2.1966619310344826,08001
41.367862344827586,2.1087609655172415,08905
41.46480648275862,2.188108551724138,08033
41.4618252413793,2.227216275862069,08911
41.36209268965517,2.1593499310344826,08001
41.48909875862069,2.199887724137931,08110
41.422055862068966,2.1047524137931033,08001
41.38112951724138,2.148047448275862,08001
41.46179310344827,2.2318206896551724,08911
41.33536551724138,2.108403448275862,08001
41.49191931034483,2.1838020689655173,08110
41.35696579310345,2.117850620689655,08080
41.470447586206895,2.15593724137931,08193
41.310816137931035,2.1334595862068966,08820
41.38100096551724,2.166465103448276,08001
41.39160827586207,2.198815172413793,08001
41.44282055172413,2.233914344827586,08912
41.343280827586206,2.138421517241379,08001
41.46192165517241,2.2134030344827584,08921
41.326935999999996,2.152056,08001
41.43734013793103,2.2430635862068966,08911
41.37580979310345,2.134174620689655,08001
41.346229931034486,2.1039182068965516,08907
41.4510572413793,2.217888275862069,08922
41.35975420689655,2.106369379310345,08901
41.41599696551724,2.196781103448276,08001
41.45397420689655,2.187989379310345,08001
41.48650317241379,2.1837424827586207,08110
41.470319034482756,2.174354896551724,08110
41.34315227586207,2.156839172413793,08001
41.48637462068965,2.2021601379310343,08110
41.43824,2.11414,08196
41.48377903448276,2.186014896551724,08110
41.481054896551726,2.1882873103448275,08110
41.47278606896551,2.2089177931034483,08911
41.44881517241379,2.1510944827586207,08001
41.41324068965517,2.2036579310344826,08001
41.4051004137931,2.20587075862069,08005
41.4214452413793,2.192236275862069,08001
41.397474344827586,2.1344129655172415,08001
41.42987475862069,2.148583724137931,08001
41.37843751724138,2.145715448275862,08015
41.39196179310345,2.148166620689655,08036
41.36779806896551,2.1179697931034482,08904
41.38955903448276,2.104394896551724,08034
41.37318206896551,2.1226337931034482,08094
41.42189517241379,2.1277744827586207,08001
41.373374896551724,2.0950073103448275,08906
41.48387544827586,2.172201655172414,08110
41.38946262068965,2.1182081379310342,08001
41.37853393103448,2.1319022068965516,08001
41.362253379310346,2.1363278620689656,08001
41.407696,2.222016,08001
41.43804717241379,2.1417664827586207,08001
41.44878303448276,2.155698896551724,08001
41.50012386206897,2.1723804137931033,08291
41.489323724137925,2.1676568275862067,08291
41.41394772413793,2.1023608275862067,08001
41.37545627586207,2.184823172413793,08001
41.378405379310344,2.1503198620689656,08001
41.48371475862069,2.195223724137931,08110
41.415772,2.229012,08930
41.43529089655173,2.1486433103448275,08001
41.472721793103446,2.218126620689655,08911
41.43275958620689,2.12328924137931,08001
41.37850179310345,2.136506620689655,08014
41.359850620689656,2.0925561379310342,08801
41.35424165517241,2.1201230344827584,08080
41.34898620689655,2.097041379310345,08907
41.40555034482759,2.1414089655172415,08001
41.500091724137924,2.1769848275862067,08110
41.375681241379304,2.152592275862069,08001
41.47288248275862,2.195104551724138,08924
41.492047862068965,2.1653844137931033,08291
41.46743420689655,2.199649379310345,08924
41.346069241379304,2.126940275862069,08080
41.44032137931035,2.2039558620689657,08030
41.370297241379305,2.147928275862069,08001
41.4293284137931,2.22685875862069,08918
41.497431862068964,2.1700484137931033,08291
41.396927999999996,2.212688,08001
41.48935586206897,2.1630524137931033,08291
41.37036151724138,2.138719448275862,08001
41.37311779310345,2.131842620689655,08028
41.35715862068965,2.0902241379310342,08940
41.36500965517241,2.1294510344827584,08902
41.42192731034483,2.1231700689655173,08001
41.462435862068965,2.1397324137931033,08193
41.41888179310345,2.171486620689655,08001
41.43250248275862,2.160124551724138,08001
41.40538965517241,2.1644310344827584,08001
41.43000331034483,2.1301660689655173,08035
41.49198358620689,2.17459324137931,08110
41.33517268965517,2.1360299310344826,08001
41.31889213793103,2.1404555862068966,08820
41.41904248275862,2.148464551724138,08001
41.36802303448276,2.085738896551724,nan
41.38965544827586,2.090581655172414,08950
41.42388013793103,2.2314035862068966,08918
41.43503379310345,2.185478620689655,08030
41.313476,2.140396,08820
41.39494303448276,2.109058896551724,08019
41.400552,2.081492,08960
41.41340137931034,2.1806358620689656,08026
41.43538731034483,2.1348300689655173,08001
41.48631034482759,2.2113689655172415,08120
41.36504179310345,2.124846620689655,08902
41.480862068965514,2.2159137931034483,08120
41.43230965517241,2.1877510344827584,08001
41.345812137931034,2.1637755862068966,08001
41.34610137931035,2.1223358620689656,nan
41.451121517241376,2.208679448275862,08922
41.47281820689655,2.204313379310345,08924
41.40519682758621,2.192057517241379,08018
41.37305351724138,2.141051448275862,08001
41.380808137931034,2.1940915862068966,08001
41.438207862068964,2.1187444137931033,08196
41.3135724137931,2.12658275862069,08820
41.400455586206895,2.09530524137931,08034
41.375874068965516,2.1249657931034482,08001
41.359529241379306,2.138600275862069,08001
41.31886,2.14506,08820
41.35392027586207,2.166167172413793,08001
41.32440468965517,2.1267019310344826,08004
41.33248068965517,2.1336979310344826,08040
41.35122827586207,2.163835172413793,08001
41.321552,2.147392,08040
41.415900551724135,2.210594344827586,08001
41.31623227586207,2.133519172413793,08820
41.41907462068965,2.1438601379310342,08001
41.47028689655173,2.1789593103448275,08110
41.34892193103448,2.1062502068965516,08907
41.44019282758621,2.222373517241379,08911
41.46490289655173,2.1742953103448275,08110
41.30812413793103,2.1311275862068966,08820
41.440867724137924,2.1256808275862067,08035
41.465063586206895,2.15127324137931,08193
41.49733544827586,2.183861655172414,08110
41.462307310344826,2.1581500689655173,08193
41.41580413793103,2.2244075862068966,08930
41.45128220689655,2.185657379310345,08001
41.381483034482756,2.097398896551724,08906
41.446315999999996,2.121136,08196
41.47025475862069,2.183563724137931,08110
41.39215462068965,2.1205401379310342,08001
41.37065075862069,2.097279724137931,08906
41.35949710344827,2.1432046896551724,08001
41.38138662068965,2.1112121379310342,08001
41.43208468965517,2.2199819310344826,08930
41.353856,2.175376,08039
41.40032703448276,2.113722896551724,08001
41.37276427586207,2.182491172413793,08039
41.37282855172413,2.173282344827586,08001
41.3568372413793,2.136268275862069,08001
41.44044993103448,2.1855382068965516,08016
41.49464344827586,2.181529655172414,08110
41.47560662068965,2.1928321379310343,08110
41.46195379310345,2.208798620689655,08924
41.483939724137926,2.1629928275862067,08110
41.513616,2.179436,08120
41.445833931034485,2.1902022068965517,08030
41.32712882758621,2.124429517241379,08001
41.33254496551724,2.124489103448276,08001
41.4427884137931,2.23851875862069,08911
41.38667420689655,2.129689379310345,08028
41.426893517241375,2.187691448275862,08001
41.3997164137931,2.20120675862069,08001
41.41635048275862,2.146132551724138,08001
41.43484096551724,2.213105103448276,08923
41.47820220689655,2.208977379310345,08110
41.407888827586206,2.194389517241379,08018
41.41897820689655,2.157673379310345,08001
41.44041779310345,2.190142620689655,08001
41.42474786206897,2.1070844137931033,08001
41.370618620689655,2.1018841379310342,08906
41.429746206896546,2.167001379310345,08031
41.36234979310345,2.122514620689655,08902
41.46233944827586,2.153545655172414,08193
41.445898206896544,2.180993379310345,08016
41.38154731034483,2.0881900689655173,08950
41.33523696551724,2.126821103448276,08001
41.44544827586207,2.245455172413793,08911
41.42461931034483,2.1255020689655173,08001
41.44596248275862,2.171784551724138,08042
41.46775558620689,2.15360524137931,08193
41.475831586206894,2.16060124137931,08110
41.39497517241379,2.1044544827586207,08001
41.434873103448275,2.2085006896551724,08030
41.36738027586207,2.177827172413793,08001
41.453652827586204,2.234033517241379,08911
41.47858786206896,2.1537244137931033,08193
41.39750648275862,2.129808551724138,08001
41.40253696551724,2.185121103448276,08001
41.459711724137925,2.1420048275862067,08193
41.35414524137931,2.133936275862069,08908
41.516275862068966,2.1863724137931033,08120
41.42939268965517,2.2176499310344826,08930
41.46733779310345,2.213462620689655,08911
41.45919751724138,2.215675448275862,08921
41.41638262068965,2.1415281379310342,08001
41.370008,2.189368,08001
41.421509517241375,2.183027448275862,08001
41.391543999999996,2.208024,08001
41.48102275862069,2.192891724137931,08110
41.356869379310346,2.1316638620689656,08908
41.451217931034485,2.1948662068965517,08001
41.41112717241379,2.1184464827586207,08001
41.435548,2.111808,08196
41.41359420689655,2.153009379310345,08001
41.356997931034485,2.1132462068965516,08907
41.400230620689655,2.1275361379310342,08017
41.445641103448274,2.2178286896551724,08923
41.391640413793105,2.19421075862069,08001
41.47275393103448,2.2135222068965517,08110
41.42176662068965,2.1461921379310342,08035
41.37879103448276,2.095066896551724,08950
41.44,2.25,08911
41.47304317241379,2.1720824827586207,08110
41.38398220689655,2.127357379310345,08028
41.48640675862069,2.197555724137931,08110
41.49739972413793,2.1746528275862067,08110
41.41096648275862,2.141468551724138,08001
41.46512786206897,2.1420644137931033,08193
41.40019848275862,2.132140551724138,08001
41.432245379310345,2.1969598620689657,08001
41.37837324137931,2.154924275862069,08001
41.34052455172414,2.145298344827586,08039
41.40003779310345,2.155162620689655,08012
41.38167586206897,2.0697724137931033,08960
41.41910675862069,2.139255724137931,08001
41.37343917241379,2.0857984827586207,08950
41.44875089655172,2.1603033103448275,08001
41.42692565517241,2.1830870344827584,08001
41.335012,2.159052,08001
41.37895172413793,2.0720448275862067,09870
41.386867034482755,2.102062896551724,08001
41.392251034482754,2.106726896551724,08034
41.38141875862069,2.106607724137931,08001
41.44064275862069,2.157911724137931,08035
41.405614620689654,2.1322001379310342,08001
41.34081379310345,2.103858620689655,08907
41.42141310344827,2.1968406896551724,08001
41.378630344827585,2.1180889655172415,08028
41.39231531034483,2.0975180689655173,08034
41.421830896551725,2.1369833103448275,08001
41.43500165517241,2.1900830344827584,08030
41.47019048275862,2.192772551724138,08924
41.337800413793104,2.14757075862069,08039
41.486438896551725,2.1929513103448275,08110
41.402858344827585,2.1390769655172415,08001
41.39471806896552,2.1412897931034482,08001
41.47576731034483,2.1698100689655173,08110
41.46736993103448,2.2088582068965517,08924
41.43221324137931,2.201564275862069,08020
41.46749848275862,2.190440551724138,08924
41.48903448275862,2.209096551724138,08000
41.32709668965517,2.1290339310344826,08040
41.397377931034484,2.1482262068965516,08001
41.340685241379305,2.122276275862069,08001
41.36196413793103,2.1777675862068966,08039
41.408338758620694,2.129927724137931,08001
41.42449075862069,2.143919724137931,08001
41.446219586206894,2.13494924137931,08001
41.44849379310345,2.197138620689655,08001
41.38677062068965,2.1158761379310342,08001
41.38670634482759,2.1250849655172415,08028
41.39205820689655,2.134353379310345,08001
41.421477379310346,2.1876318620689656,08027
41.348793379310344,2.1246678620689656,08080
41.45410275862069,2.169571724137931,08001
41.40827448275862,2.139136551724138,08001
41.37571337931035,2.1479878620689656,08001
41.3243404137931,2.13591075862069,08040
41.367765931034484,2.1225742068965516,08902
41.40776027586207,2.212807172413793,08029
41.37584193103448,2.1295702068965516,08028
41.500156,2.167776,08291
41.37882317241379,2.0904624827586207,08950
41.432470344827586,2.1647289655172415,08001
41.36792662068965,2.0995521379310342,08906
41.426636413793105,2.22452675862069,08930
41.45958317241379,2.1604224827586207,08042
41.362285517241375,2.131723448275862,08908
41.381290206896544,2.125025379310345,08001
41.47310744827586,2.162873655172414,08291
41.375392,2.194032,08001
41.454327724137926,2.1373408275862067,08193
41.34619779310345,2.108522620689655,08907
41.373342758620694,2.099611724137931,08950
41.486663862068966,2.1607204137931033,08110
41.44576965517241,2.1994110344827584,08001
41.32719310344827,2.1152206896551724,08040
41.35427379310345,2.115518620689655,08080
41.38975186206897,2.0767684137931033,08960
41.40558248275862,2.136804551724138,08001
41.392443862068966,2.0791004137931033,08960
41.484004,2.153784,08193
41.45974386206897,2.1374004137931033,08193
41.39436455172414,2.191938344827586,08005
41.42134882758621,2.206049517241379,08001
41.48111917241379,2.1790784827586207,08110
41.38414289655172,2.1043353103448275,08001
41.427247034482754,2.137042896551724,08001
41.44054634482759,2.1717249655172415,08042
41.415868413793106,2.21519875862069,08019
41.49461131034483,2.1861340689655173,08110
41.37020082758621,2.161741517241379,08001
41.40317972413793,2.0930328275862067,08017
41.46477434482759,2.1927129655172415,08033
41.44855806896552,2.1879297931034483,08001
41.510923999999996,2.177104,08291
41.467562758620694,2.181231724137931,08110
41.375552689655166,2.1710099310344826,08001
41.4542955862069,2.14194524137931,08193
41.42981048275862,2.157792551724138,08001
41.462468,2.135128,08193
41.464967172413786,2.1650864827586207,08033
41.50819986206896,2.1793764137931033,08120
41.442884827586205,2.224705517241379,08914
41.40574317241379,2.1137824827586207,08001
41.48092634482759,2.2067049655172415,08110
41.438079310344826,2.1371620689655173,08001
41.43769365517241,2.1924150344827584,08001
41.408242344827585,2.1437409655172415,08001
41.33796110344827,2.1245486896551724,08001
41.39744220689655,2.139017379310345,08021
41.45666620689655,2.190321379310345,08033
41.44836524137931,2.215556275862069,08922
41.43480882758621,2.217709517241379,08913
41.43195613793103,2.2383995862068966,08911
41.37074717241379,2.0834664827586207,08950
41.461857379310345,2.2226118620689657,08911
41.467466344827585,2.1950449655172415,08924
41.3918332413793,2.166584275862069,08007
41.3485684137931,2.15689875862069,08001
41.37859820689655,2.122693379310345,08028
41.3808724137931,2.18488275862069,08039
41.40039131034483,2.1045140689655173,08001
41.50271944827586,2.188525655172414,08120
41.43279172413793,2.1186848275862067,08196
41.372796413793104,2.17788675862069,08001
41.39978068965517,2.1919979310344826,08001
41.39449310344827,2.1735206896551724,08013
41.42945696551724,2.208441103448276,08930
41.400487724137925,2.0907008275862067,08950
41.45160358620689,2.13961324137931,08193
41.43766151724138,2.197019448275862,08001
41.44580179310345,2.194806620689655,08001
41.37613117241379,2.0881304827586207,08950
41.36478468965517,2.1616819310344826,08001
41.40276193103448,2.1528902068965516,08012
41.416221931034485,2.1645502068965516,08001
41.33514055172414,2.140634344827586,08001
41.44077131034483,2.1394940689655173,08001
41.356901517241376,2.127059448275862,08908
41.39708868965517,2.1896659310344826,08018
41.45640910344827,2.2271566896551724,08911
41.35936855172414,2.161622344827586,08001
41.34334510344827,2.1292126896551724,08001
41.42670068965517,2.2153179310344826,08930
41.443624,2.118804,08196
41.35965779310345,2.120182620689655,08902
41.4456732413793,2.213224275862069,08923
41.456505517241375,2.213343448275862,08921
41.49175862068965,2.2068241379310343,08000
41.40269765517241,2.1620990344827584,08001
41.32427613793103,2.1451195862068966,08040
41.37013655172414,2.170950344827586,08001
41.421605931034485,2.1692142068965516,08032
41.47035117241379,2.1697504827586207,08110
41.429489103448276,2.2038366896551724,08001
41.49188717241379,2.1884064827586207,08110
41.44884731034483,2.1464900689655173,08001
41.43753296551724,2.215437103448276,08911
41.34046027586207,2.154507172413793,08001
41.37286068965517,2.1686779310344826,08001
41.510827586206894,2.19091724137931,08120
41.35962565517241,2.1247870344827584,08908
41.380776,2.198696,08001
41.386417103448274,2.1665246896551724,08001
41.43263103448275,2.141706896551724,08001
41.39741006896551,2.1436217931034482,08021
41.45099296551724,2.227097103448276,08911
41.48906662068965,2.2044921379310343,08000
41.348664827586205,2.143085517241379,08001
41.37042579310345,2.129510620689655,08903
41.44272413793103,2.2477275862068966,08911
41.43551586206897,2.1164124137931033,08196
41.367315999999995,2.187036,08039
41.343088,2.166048,08001
41.43775793103448,2.1832062068965516,08001
41.45362068965517,2.2386379310344826,08911
41.456859034482754,2.162694896551724,08042
41.381065241379304,2.157256275862069,08001
41.451475034482755,2.158030896551724,08193
41.39974855172414,2.196602344827586,08001
41.40029489655173,2.1183273103448275,08001
41.389141241379306,2.164252275862069,08001
41.32446896551724,2.117493103448276,08001
41.408017379310344,2.1759718620689656,08001
41.41872110344827,2.1945086896551724,08001
41.38388579310345,2.141170620689655,08001
41.386513517241376,2.152711448275862,08001
41.42170234482759,2.1554009655172415,08001
41.403244,2.083824,08960
41.43234179310345,2.183146620689655,08001
41.419396,2.097816,08001
41.34353793103448,2.1015862068965516,08907
41.378084,2.196364,08001
41.408595862068964,2.0930924137931033,08001
41.41891393103448,2.1668822068965516,08001
41.46772344827586,2.158209655172414,08193
41.41894606896552,2.1622777931034483,08001
41.45419917241379,2.1557584827586207,08193
41.47006193103448,2.2111902068965517,08911
41.38699558620689,2.08364524137931,08950
41.40026275862069,2.122931724137931,08001
41.45955103448276,2.165026896551724,08042
41.39455737931034,2.1643118620689656,08009
41.49723903448275,2.197674896551724,08120
41.44343117241379,2.1464304827586207,08035
41.34600496551724,2.136149103448276,08001
41.432598896551724,2.1463113103448275,08001
41.42673282758621,2.210713517241379,08930
41.470544,2.142124,08193
41.43468027586207,2.236127172413793,08918
41.362060551724134,2.163954344827586,08001
41.45435986206897,2.1327364137931033,08193
41.39968427586207,2.205811172413793,08001
41.38923765517241,2.1504390344827584,08001
41.34860055172413,2.152294344827586,08001
41.35956137931034,2.1339958620689656,08001
41.402504827586206,2.189725517241379,08001
41.481279862068966,2.1560564137931033,08193
41.364913241379305,2.143264275862069,08001
41.44859020689655,2.183325379310345,08033
41.44852593103448,2.1925342068965517,08033
41.386963448275864,2.088249655172414,08950
41.502848,2.170108,08291
41.34312013793103,2.1614435862068966,08001
41.411191448275865,2.109237655172414,08001
41.478234344827584,2.2043729655172415,08000
41.39997351724138,2.164371448275862,08001
41.41093434482759,2.1460729655172415,08023
41.41913889655172,2.1346513103448275,08001
41.38910910344827,2.1688566896551724,08001
41.42138096551724,2.201445103448276,08020
41.38427144827586,2.085917655172414,08950
41.38917337931034,2.1596478620689656,08001
41.43759724137931,2.206228275862069,08030
41.41936386206897,2.1024204137931033,08017
41.39491089655172,2.1136633103448275,08034
41.470222620689654,2.1881681379310343,08110
41.50275158620689,2.18392124137931,08120
41.42737558620689,2.11862524137931,08196
41.46205020689655,2.194985379310345,08924
41.4104844137931,2.21053475862069,08019
41.38648137931035,2.1573158620689656,08001
41.40580744827586,2.104573655172414,08017
41.37821255172413,2.177946344827586,08002
41.43541944827586,2.130225655172414,08001
41.49999531034483,2.1907980689655173,08120
41.416607586206894,2.10929724137931,08001
41.48384331034483,2.1768060689655173,08110
41.43791862068965,2.1601841379310343,08001
41.405871724137924,2.0953648275862067,08017
41.45663406896551,2.1949257931034483,08924
41.40247268965517,2.1943299310344826,08018
41.410516551724136,2.205930344827586,08019
41.39170468965517,2.1850019310344826,08001
41.38962331034483,2.0951860689655173,08950
41.308092,2.135732,08820
41.34882551724138,2.120063448275862,08080
41.42955337931034,2.1946278620689657,08030
41.37058648275862,2.106488551724138,08905
41.41356206896551,2.1576137931034483,08001
41.45701972413793,2.1396728275862067,08193
41.467594896551724,2.1766273103448275,08110
41.44842951724138,2.206347448275862,08922
41.38359655172413,2.182610344827586,08001
41.33260924137931,2.115280275862069,08040
41.3351084137931,2.14523875862069,08001
41.499963172413786,2.1954024827586207,08120
41.44003213793103,2.2453955862068966,08911
41.49736758620689,2.17925724137931,08110
41.370522206896545,2.115697379310345,08904
41.394750206896546,2.136685379310345,08001
41.34324868965517,2.1430259310344826,08040
41.351613931034485,2.1085822068965516,08907
41.47845931034483,2.1721420689655173,08110
41.4839075862069,2.16759724137931,08110
41.42702206896551,2.1692737931034483,08001
41.40804951724138,2.171367448275862,08013
41.35943282758621,2.152413517241379,08001
41.41926744827586,2.116233655172414,08001
41.376195448275865,2.078921655172414,09870
41.40289048275862,2.134472551724138,08001
41.47015834482759,2.1973769655172415,08924
41.42465144827586,2.120897655172414,08001
41.453749241379306,2.220220275862069,08911
